name,party,member_type,screen_name,date,post_type,likes_count,comments_count,shares_count,message
Ted Poe,Republican,rep,106631626049851,2017-01-03,link,121,15,6,Itâs great to be back in Washington for the start of the 115th Congress! Enjoyed seeing the Adams Family from Kingwood this morning.  Click below to watch the Swearing-In Ceremony and Floor Proceedings.
Ted Poe,Republican,rep,106631626049851,2017-01-03,link,182,16,31,"For years, Washington bureaucrats have repeatedly preached that the border is secure. The reality is that the majority of the southern border territory is controlled by someone other than the United States. Border patrol and local law enforcement do the best they can with the resources they currently have, but they need more help from the federal government."
Ted Poe,Republican,rep,106631626049851,2017-01-05,photo,137,13,25,"Today, I introduced H.R. 241, the Timely Repatriation Act of 2017, to restrict diplomatic visas to countries that deny or unreasonably delay the repatriation of a national ordered removed from the U.N.  The United States can no longer afford to give convicted foreign criminals a get-out-of-jail-free card. The safety of our own citizens is at stake. The issue is that we cannot permanently detain criminals and their countries of origin refuse to take them back. It is time we make them.  Read the entire release here: http://poe.house.gov/2017/1/poe-introduces-the-timely-repatriation-act-of-2017"
Ted Poe,Republican,rep,106631626049851,2017-01-05,link,1125,166,170,"""Being sworn in is always an honor and a privilege, but this year is even more special for me. I am happy to also announce today that I am in remission from Leukemia. My fight is not yet over, but the progress that has been made in the last six months has been nothing short of miraculous, thanks to the Good Lord, the experts at MD Anderson Cancer Center, and the support and prayers of my family, friends, colleagues, staff and all of you. Since remission does not mean âcancer freeâ, I will continue to receive treatment both in Washington and Houston.  After a challenging six months, I am grateful to be able to be here in Washington doing what I love to do: fight for Texas"""
Ted Poe,Republican,rep,106631626049851,2017-01-06,link,24,8,12,"TERRORISM UPDATE:  Â·ISIS fighters attacked an Iraqi army outpost and a police station near the city of Tikrit on Friday, killing at least four soldiers and wounding 12 others, military and police sources said. The terrorists used a car bomb and two suicide attackers in their assault shortly after midnight on the army outpost in the town of al-Dour on Tikrit's outskirts, killing two officers and two soldiers, the sources said. Gunmen separately attacked the police station a short distance away and set fire to the building before fleeing the area. There were no casualties from that attack.  Â·Bangladeshi police shot dead two Islamist terrorists on Friday in a gunfight in Dhaka, including a prime suspect in the killing of 20 hostages, mostly foreigners, in a cafe in the capital last year. Nurul Islam Marjan, a commander of a splinter group of the Jamaat-ul-Mujahideen Bangladesh (JMB), was killed along with another suspected terrorist, Saddam Hossain.  Â·Elite Iraqi troops bridged a river under the cover of darkness to seize a district of Mosul in an unprecedented night raid early on Friday, part of a new phase in the battle to capture the city from ISIS after weeks of slowed momentum. Since last week, Iraqi forces have launched a renewed push to seize ground in the nearly three month-old offensive to capture the city, after progress stalled last month because of a need to slow the advance to protect civilians.  Â·US-backed militias in Syria have captured an ancient citadel from ISIS in a strategically significant advance against the jihadist group in its stronghold of Raqqa province, a spokesman said on Friday. The Jabar citadel on the banks of Lake Assad was taken by the Syrian Democratic Forces alliance on Thursday, militia spokesman Talal Silo said. It is located near a dam on the Euphrates River that the US-backed alliance also aims to capture in the current phase of its campaign.  Â·The Department of Defense announced yesterday that multiple airstrikes killed an estimated 20 or more al Qaeda âmilitantsâ in northern Syria at the beginning of the month. The results of the bombings are still being âassessed,â but US forces âstruck two al Qaeda vehicles that had departed a large al Qaeda headquarters near Sarmada,â which is in the northern Idlib province, on January 1st. Then, on January 3rd, US forces âstruck the headquarters compound itself, including multiple vehicles and structures.â Although the Defense Department doesnât say it, the airstrikes were likely among the most significant carried out against al Qaeda facilities in Syria to date.  Â·The State Department announced on Thursday that Osama bin Ladenâs son, Hamza, has been added to the US governmentâs list of designated terrorists. State cites Hamzaâs appearances in al Qaedaâs propaganda since Aug. 2015 as evidence of his important role in the organization. The junior bin Laden has called for terror attacks throughout the West, including inside the US, and he also encouraged âSaudi Arabian-based tribes to unite withâ Al Qaeda in the Arabian Peninsula (AQAP) âto wage war against the Kingdom of Saudi Arabia.â Al Qaeda has released several messages from Hamza since mid-2015, but they have all been audio speeches. The terror organization has not published photos or video of Hamza as an adult, likely for security reasons.  Â·Two car bombs in Baghdad claimed by ISIS killed at least 14 people on Thursday, police and medics said, part of a surge in violence across the capital. The first blast shook Baghdad's eastern al-Obeidi area during the morning rush, killing six and wounding 15. The second explosion hit the central district of Bab al-Moadham near a security checkpoint, killing eight.  Â·The US has killed four mid-level ISIS commanders involved in military, suicide, chemical, and financial operations in airstrikes in both Iraq and Syria since the beginning of December 2016, the military announced over the past week."
Ted Poe,Republican,rep,106631626049851,2017-01-06,video,82,7,14,"The continued failure to protect the border threatens both the security of our people and the sovereignty of our nation. The SMART Border Act incorporates several common sense reforms that will ramp up support from the federal government and charge Congress, not unelected bureaucrats, with determining if and when operational control is achieved."
Ted Poe,Republican,rep,106631626049851,2017-01-09,photo,231,13,14,Burning the #BlueLight in my office tonight in honor of National #LawEnforcementAppreciationDay #BacktheBlue #SupportBlue
Ted Poe,Republican,rep,106631626049851,2017-01-13,link,49,10,8,"A must read in today's New York Times from two women who tragically lost family members in the Paris and Brussels attacks. They are exactly right, Twitter can and should do much more to combat ISIS propaganda. Terrorists should not be able to use an American platform to their advantage, period. Thank you for highlighting my committee's efforts on this issue. We will continue to stand with you and push this issue in Washington.   https://www.nytimes.com/2017/01/13/opinion/twitter-must-do-more-to-block-isis.html?_r=0"
Ted Poe,Republican,rep,106631626049851,2017-01-18,photo,106,10,2,Great meeting today with new Georgian Ambassador David Bakradze! I look forward to working together.
Ted Poe,Republican,rep,106631626049851,2017-01-18,photo,91,8,2,I enjoyed meeting with Sir Nigel Kim Darroch today and discussing what role Congress can play to strengthen the U.S. - UK  Relationship.
Ted Poe,Republican,rep,106631626049851,2017-01-19,photo,563,19,3,NA
Ted Poe,Republican,rep,106631626049851,2017-01-19,photo,239,10,14,Great meeting with students from my alma mater Abilene Christian University who are up in D.C. for the 58th Inauguration!
Ted Poe,Republican,rep,106631626049851,2017-01-24,link,219,22,28,"Congress must take action to support states that refuse to participate in the refugee resettlement program because of serious security concerns. The Obama Administrationâs open door policy has totally disregarded the wishes of state governors who have legitimate security concerns about letting unvetted refugees in their states. Although we expect vetting to increase in the new Administration, states should still have an opt out if the security of the program is not guaranteed. The reality is that ISIS has vowed to attack America, and we already know that several recent terror attacks in Europe were carried out by individuals who came in disguised as a Syrian refugee."
Ted Poe,Republican,rep,106631626049851,2017-01-24,video,262,23,47,Israel is our greatest friend and should never question where we stand. The Trump White House seems to understand that. Good riddance to those who did not understand it.
Ted Poe,Republican,rep,106631626049851,2017-01-25,link,52,9,10,The ADA is a vital law that is meant to make American businesses more accessible to the disabled. But the integrity of this important law is being threatened. This bill will change that by requiring that the business owners have time to fix what is allegedly broken.   Read More:
Ted Poe,Republican,rep,106631626049851,2017-01-26,photo,209,14,3,#TBT to my days in the DA office. âï¸
Ted Poe,Republican,rep,106631626049851,2017-01-26,video,240,14,68,"Our government must offer a proper incentive to uncooperative nations who freely take our money, and turn around and disrespect our laws.  We should not be issuing diplomatic VISAâs to nations that refuse to cooperate with our government. Keeping their criminals here is endangering our own citizens."
Ted Poe,Republican,rep,106631626049851,2017-01-26,photo,261,12,12,"Today I toured Courtney's House, a Human Trafficking shelter in D.C. Founded by Tina Frundt, a trafficking survivor herself, Courtneyâs House helps young victims of sex trafficking recover and re-build their lives. Staff survivors help these children find and recover their own voices. Shelters like this help victims to regain their lives, their dignity and, yes, their hope."
Ted Poe,Republican,rep,106631626049851,2017-01-27,link,24,5,6,"Â·Moroccan authorities said on Friday they had arrested seven suspected terrorists linked to ISIS and seized weapons and explosive belts. A statement from the interior ministry said the group had ties with commanders of the Sunni Islamist group in Syria, Iraq and Libya and had set up a hideout in the coastal town of El-Jadida. Morocco, a Western ally against Islamist terrorism, says that since 2002 it has dismantled more than 150 cells linked to jihadist groups fighting in Syria and Iraq.  Â·A former Indonesian finance ministry official has been detained on his return home after being deported from Turkey for trying to cross into Syria on suspicion of intending to join ISIS, Indonesian authorities said on Friday. Police identified the man as Triyono Utomo and said he was detained along with his wife and three children after they arrived back in the Indonesian island of Bali.  Â·On Thursday, just one day after executing a deadly suicide assault on a popular hotel in Somaliaâs capital Mogadishu, al Shabaab announced that its religious courts executed âthree spies.â One of the alleged spies was accused of working for the CIA to direct drone strikes on al Shabaab, al Qaedaâs branch in East Africa. Radio al Furqan, an al Shabaab radio station and media outlet, reported that the three spies were killed in the town of Yaaq Barawe in the Bay Region of southern Somalia.  Â·Forces from France's Operation Barkhane have arrested three people in connection with a suicide bombing in northern Mali that killed at least 77 people, Mali's Security Minister Salif Traore said on Thursday. Al Qaeda in the Islamic Maghreb said five of its fighters conducted the attack on Jan. 18 on a military camp in the town of Gao that also wounded more than 100 people.  Â·An upstate New York man was sentenced on Thursday to 20 years in prison after pleading guilty to conspiring to provide material support to ISIS, in connection with his alleged role in preparing a New Year's Eve attack in 2015 at a local club or bar. Emanuel Lutchman, 26, of Rochester, was sentenced by Chief Judge Frank Geraci of the federal court in that city, following his August 11 guilty plea, the U.S. Department of Justice said. The prison term was the maximum possible, and Lutchman was also sentenced to 50 years of supervised release.  Â·A debate is under way in the Trump administration about whether the United States should declare the Muslim Brotherhood a terrorist organization and subject it to U.S. sanctions, according to U.S. officials and people close to President Donald Trump's transition team. A faction led by Michael Flynn, Trump's National Security Advisor, wants to add the Brotherhood to the State Department and U.S. Treasury lists of foreign terrorist organizations, the sources said. Other Trump advisors, as well as some veteran national security, diplomatic, law enforcement and intelligence officials argue the Brotherhood has evolved peacefully in some countries."
Ted Poe,Republican,rep,106631626049851,2017-01-27,link,30,21,4,"The whole purpose of the bill, if there's a problem with the ADA at this particular business, is to fix the problem! But the trolls don't care about fixing the problem, they care about getting the money, which really doesn't even fix the problem!"
Ted Poe,Republican,rep,106631626049851,2017-01-31,photo,70,2,2,Enjoyed meeting with Crosby ISD yesterday!
Ted Poe,Republican,rep,106631626049851,2017-01-31,video,248,19,53,"As a Judge, I learned the last thing criminals want are their faces and crimes exposed to the public. The Shame Act allows Federal judges to publicly publish the names and photographs of convicted traffickers and buyers.  Polaris Shared Hope International National Organization for Victim Assistance Children's Advocacy Centers of Texas, Inc. Texas CASA, Inc. Stop Child Predators Family Focused Treatment Association - FFTA"
Ted Poe,Republican,rep,106631626049851,2017-02-01,photo,104,5,1,"Great meeting with Kaitlyn from Kingwood. Kaitlyn is an Archer fellow from the The University of Texas at Dallas spending the semester studying in Washington, D.C."
Ted Poe,Republican,rep,106631626049851,2017-02-02,video,290,44,158,"In 1984, a novel program was started under the Reagan administration called VOCA, Victims of Crime Act; and the idea was pretty simple: Criminals in the Federal courts that are convicted pay into a court cost fund. That money then is used for victims and helps pay for their injuries, for their medical expenses, sometimes the funeral expenses. A great idea: Make criminals pay for the system they have created. But now, the fund is being robbed by bureaucrats and thrown into the abyss of the Federal budget. This money does not belong to the Federal Government. It is not taxpayer money. It is money that belongs to victims. H.R. 818 ensures VOCA funds can only be used for their original intent: helping victims of crime."
Ted Poe,Republican,rep,106631626049851,2017-02-03,link,43,43,20,"TERRORISM UPDATE:  Â· A French soldier shot and wounded a man armed with a machete and carrying two bags on his back on Friday as he tried to enter the Paris Louvre museum in what the government said appeared to have been a terrorist attack. The man shouted Allahu Akbar (God is greatest) and rushed at police and soldiers before being shot near the museum's shopping mall, police said, adding a second person had also been detained after acting suspiciously. The attacker was alive but seriously wounded, the head of Paris police Michel Cadot told reporters at the scene, adding the bags he had been carrying contained no explosives.  Â· Warships shelled suspected al Qaeda strongholds in a mountainous region of southern Yemen on Thursday, government officials said. The officials said they believed U.S. forces carried out the operation, though Pentagon spokesman Captain Jeff Davis quickly denied any U.S. involvement. The strikes come less than a week after a covert U.S. Navy SEAL raid, also in Yemen's south, the first ordered by U.S. President Donald Trump as commander in chief.  Â· The U.N. envoy for Iraq says military operations to liberate Iraq from the Islamic State extremist group will be coming to an end ""in the rather short foreseeable future."" Jan Kubis told the U.N. Security Council Thursday that ""the days of the so-called ISIL are counted."" He said progress and the government's successful campaign to retake the eastern part of Mosul ""should not conceal that fighting has been and will be a massive challenge, in particular inside the old city in western Mosul.""  Â· U.S. President Donald Trump is poised to impose new sanctions on multiple Iranian entities, seeking to ratchet up pressure on Tehran while crafting a broader strategy to counter what he sees as its destabilizing behavior, people familiar with the matter said on Thursday. The new sanctions, which are being taken under existing executive orders covering terrorism and weapons of mass destruction, may mark the opening shot in a more aggressive policy against Iran that Trump promised during the 2016 presidential campaign.  Â· Faced with a diminishing number of fighters, ISIS is relying on retrofitted commercial drones to guide suicide car bombers to their targets and to launch small-scale airstrikes on Iraqi forces. The extremist group is spending freely on drone technology as it faces pressure from coalition forces, hacking store-bought machines, applying rigorous testing protocols and mimicking tactics used by U.S. unmanned aircraft. In all, a half-dozen storehouses ISIS used to make and modify drones have been found recently in Mosul, Iraqi military officials said.  Â· Jamaat-ul-Ahrar, a powerful faction of the Movement of the Taliban in Pakistan (TTP), has released a video detailing a training camp somewhere in Pakistanâs northwest tribal frontier. The video also highlighted the training of suicide bombers and an assault on a Pakistani military base that took place last November."
Ted Poe,Republican,rep,106631626049851,2017-02-06,video,83,44,16,Speaking at the 2nd Annual Human Trafficking Symposium
Ted Poe,Republican,rep,106631626049851,2017-02-09,link,92,13,12,"I will personally stay on top of social media companies like Telegram who continue to allow terrorists to use and abuse their platform. In December, I sent a letter to Telegram App, urging the company to follow the lead of other social media platforms. I have not received a response and it will not be the last time they hear from me.  Read more below:"
Ted Poe,Republican,rep,106631626049851,2017-02-10,link,60,24,39,"TODAY'S TERRORISM UPDATE: You can see the daily terrorism updates by clicking on the image below.  Â· At least five people were killed and 19 wounded on Friday, in two suicide bombings that hit an Iraqi army position and a restaurant in eastern Mosul, a medical source said. A man believed to belong to ISIS blew himself up inside the Sayidati al-Jamila (""My Fair Lady"") restaurant at lunchtime, killing at least four people and wounding 15. The second attack was a suicide car-bomb that killed a soldier and wounded four others in the al-Nour district. Both districts were recently retaken from the terrorist group by U.S.-backed Iraqi forces. An explosive belt of the style usually worn by suicide bombers also blew up in a street of al-Zuhour without causing casualties.  Â·A powerful Syrian jihadist group has made rapid gains against more moderate factions in northern Hama and southern Idlib provinces in recent days, the Syrian Observatory for Human Rights monitoring group said on Friday. Jund al-Aqsa, which has had links with the al Qaedaâs branch in Syria, this week captured weapons and bases from groups operating under the Free Syrian Army (FSA) banner, and has detained dozens of rebel fighters.  Â·ISIS fighters have shifted to desert valleys and inland hills southeast of Tripoli as they seek to exploit Libya's political divisions after defeat in their former stronghold of Sirte, security officials say. The terrorists, believed to number several hundred and described as ""remnants"" of ISISâ Libya operation, are trying to foment chaos by cutting power and water supplies and to identify receptive local communities, the officials said. They are being monitored through aerial surveillance and on-the-ground intelligence, but Libyan officials said they cannot easily be targeted without advanced air power.  Â·Four people have been arrested in and around the southern French city of Montpellier on suspicion of planning an imminent terrorist attack in France, the interior ministry said on Friday. Police and judicial sources said those in custody included a 20-year-old man and his 16-year-old girlfriend, both known to authorities for connections with radical Islam, and said the attack had been due to take place in Paris. Police found TATP explosives and other bomb-making materials in the man's home.  Â·Russia intervened to halt a clash between Syrian government forces and Turkey-backed Syrian rebels in northern Syria, sources on both sides said on Friday, the first confrontation between them as both sides fight ISIS in the area. ISIS is under attack from separate campaigns in northern Syria by Russian-backed government forces and Turkey-backed rebels. The clash on Thursday near the IS-held city of al-Bab underlined the risk of the parallel offensives igniting new fighting between the government and its rebel enemies. Russia and Turkey have backed opposing sides in the war but recently started cooperating over Syria, brokering a truce between government forces and rebels and working together to try to revive peace talks.  Â·The top U.S. commander in Afghanistan said on Thursday he needs several thousand more international troops in order to break a stalemate in the long war with Taliban insurgents, signaling the matter may soon be put before President Donald Trump. So far, the Trump administration has offered little clarity about the possibility of more forces in Afghanistan, where some 8,400 U.S. troops remain more than 15 years after the Islamist Taliban government was toppled by U.S.-backed Afghan forces. A U.S. soldier was severely wounded in fighting in Afghanistan on Thursday, and  Army General John Nicholson, who leads U.S. and international forces in Afghanistan, acknowledged Taliban gains over the past year, when deployed U.S. forces were reduced even as security deteriorated.  Â·Fareed Mumuni, a 22 year-old man from New York City, admitted on Thursday that he had sought to provide support to ISIS and tried to kill an FBI agent with a knife when authorities came to his home to execute a search warrant in 2015. He was one of six young men in New York and New Jersey charged in a probe into what Assistant U.S. Attorney Alexander Solomon called a ""group of like-minded individuals who had pledged allegiance to ISIL.â  Â·The head of a new alliance of Syrian Islamist factions, including an al Qaeda affiliate, has promised to escalate attacks against the Syrian army and its Iranian-backed allies with the goal of toppling President Bashar al-Assad. Hashem al-Sheikh, leader of Hayat Tahrir al-Sham, which was formed last month, also said in his first video speech that the new grouping sought to ""liberate"" all of Syria's territory.  Â·Katibat Imam al Bukhari, also known as the Imam Bukhari Jamaat, has claimed an ambush on Afghan troops in northern Afghanistan in a statement released through the terrorist groupâs Telegram channel. The statement did not specify the Afghan province where the attack occurred. According to the statement, KIB jihadists destroyed three Afghan humvees in improvised explosive device (IED) blast before opening fire on soldiers. Additionally, the group claimed to kill four Afghan troops. Pictures showing the explosions and subsequent ambush were released alongside the statement.  Â·ISIS has claimed Wednesdayâs suicide assault on a hotel in the northern Somali town of Bosaso in a statement released online. The attack left at least four security guards and at least two gunmen dead. According to local media, militants affiliated with the Islamic State faction operating in the semi-autonomous region of Puntland stormed the Village Hotel in Bosaso. This prompted a fierce shootout between the militants and the hotelâs security guards, with four guards and at least two gunmen dying."
Ted Poe,Republican,rep,106631626049851,2017-02-13,photo,9,4,0,NA
Ted Poe,Republican,rep,106631626049851,2017-02-14,link,155,23,13,I was one of the first trial judges in Texas state to allow cameras in the courtroom. I did so without any problem and proved the cynics wrong. The American public should be able to view the proceedings on TV much like they do with C-SPAN when Congress is in session.
Ted Poe,Republican,rep,106631626049851,2017-02-15,video,74,22,28,"North Korea illegally launched yet another menacing ballistic missile. This was a high-tech, pre-fueled rocket that can be launched quickly. This type of rocket has a range of about 1,800 milesâthus, making it an immediate threat to South Korea and Japan as well as our troops that are stationed there."
Ted Poe,Republican,rep,106631626049851,2017-02-17,link,107,39,12,"Today we celebrate the return of my friend and colleague Colonel Sam Johnson! On his second tour of duty in Vietnam, Colonel Johnson was flying with the fighter squadron, when his plane was shot down by ground fire. On that fateful day in April, a foreign land claimed him captive. Despite being held in a Vietnam prisoner of war camp for 7 years he never wavered even while being beaten and tortured. He was a pillar of patriotism and strength. Welcome home!"
Ted Poe,Republican,rep,106631626049851,2017-02-16,link,79,22,15,"Government does not have the authority to unilaterally legalize widespread government hacking. Americans have rights. It is Congressâ responsibility to safeguard the constitutional rights of the people they represent from a power hungry Executive Branch. As such, we are moving to repeal this change that condones hacking the property of the very people we are entrusted to protect."
Ted Poe,Republican,rep,106631626049851,2017-02-17,link,29,25,16,"TODAY'S TERRORISM UPDATE: You can see the daily terrorism updates by clicking on the image below.  Â·Seven suspected Boko Haram fighters blew themselves on the outskirts of a northeast Nigerian city on Friday, a local aid agency said, in an attack witnesses said targeted refugees preparing to return to their home villages. The bombing took place outside Maiduguri, the population center at the heart of a government campaign to eradicate the Islamist group, whose more than seven-year insurgency has killed 15,000 people and forced some two million from their homes. The Borno State Emergency Management Agency said eight members of a local militia, the civilian Joint Task Force, were wounded in the attack.  Â·Pakistani security forces killed dozens of suspected militants on Friday, a day after ISIS claimed a suicide bombing that killed more than 80 worshippers at a Sufi shrine in the latest of a series of attacks across the country. The bombing at the famed Lal Shahbaz Qalandar shrine in southern Sindh province was Pakistan's deadliest attack in two years, killing at least 83 people and underlining the threat of terrorist groups like the Pakistani Taliban and ISIS.  Â·ISIS fighters are developing a network of passageways and tunnels in the narrow alleys of west Mosul that will enable them to hide and fight among the civilian population when Iraqi forces launch an attack that is expected any day now. Residents said the fighters have been opening passages in the walls between houses to allow them to move from block to block undetected, disappear after hit-and-run operations and track government troop movements. They have also opened sniper holes in buildings overlooking the Tigris river bisecting the city into east and west.  Â·Turkey's military said on Friday it was close to taking Syria's al-Bab from ISIS, but a war monitor said the jihadists still controlled 90 percent of the town itself and that shelling and air strikes had killed dozens of civilians in recent days. Al-Bab, an ISIS stronghold 20 miles from the Turkish border, has been a prime target since Turkey launched an incursion last August to push the jihadists from its frontier and prevent gains by a Kurdish militia also fighting them. Taking control of the town would deepen Turkish influence in an area of Syria where it has already effectively created a buffer zone and allow Turkish forces to press on towards Raqqa, Islamic State's de facto capital in Syria.  Â·The government of the restive far-western Xinjiang marched thousands of armed officers through the region's southern city of Hotan in a shock and awe campaign against what it says is the rising threat of terrorism and ethnic separatism. The large-scale parade in Hotan, a hotspot of ethnic tension in Xinjiang's southern Muslim Uighur heartland, involved thousands of armed police and paramilitary officers and was designed to ""show strength and intimidate"", according to a front-page report in the official Xinjiang Daily on Friday.  Â·U.S. and coalition military forces continued to attack ISIS conducting 15 strikes consisting of 19 engagements in Syria and nine strikes consisting of 16 engagements in Iraq."
Ted Poe,Republican,rep,106631626049851,2017-02-17,photo,37,15,0,"Enjoyed meeting with the Chancellor and Board of Trustees from Lone Star College this week. They are committed to preparing students to enter the workforce.   I also met with constituent JJ Williams from OptaSense, a company based in our district that works on fiber optic sensing that is used for national infrastructure security and monitoring."
Ted Poe,Republican,rep,106631626049851,2017-02-23,video,259,47,19,"I'm up here in Washington, but I heard that a 10-year-old neighbor of ours is going through a tough fight with leukemia. Please join me in sending prayers and well wishes. Stinky Joe's #1 Pit Crew  https://www.yahoo.com/beauty/moms-heartbreaking-photo-of-10-year-old-son-shows-painful-reality-of-cancer-150903458.html"
Ted Poe,Republican,rep,106631626049851,2017-02-24,video,200,27,58,"Today in 1836, William B. Travis penned his famous Travis letter. Travis was the Commander of the Texian rebels in the former mission, the Alamo. He sent a plea for help as they were surrounded by enemy forces commanded by Mexican dictator Santa Anna."
Ted Poe,Republican,rep,106631626049851,2017-02-24,status,390,169,8,"Thank you for your comments regarding this week's district work period(and yes I do read them all!) While I would MUCH rather be in Texas this week meeting with all of you, I am working here in Washington this week where I have been continuing treatment for Leukemia. I have chosen to do so mostly in Washington so that I do not miss votes on the House floor. Treatments are going well and I look forward to being back in Texas very soon! -TP"
Ted Poe,Republican,rep,106631626049851,2017-03-01,photo,131,1,18,NA
Ted Poe,Republican,rep,106631626049851,2017-03-01,video,159,23,16,"Yesterday I defended the Victims of Crime Fund and Violence Against Women Act  by testifying in front of the Commerce, Justice and Science Committee."
Ted Poe,Republican,rep,106631626049851,2017-03-02,photo,46,12,2,"Great to have so many neighbors in the office this week. Here are a few photos from meetings with JDRF, Texas A&M University Medical Student William Estes, and the Texas Credit Union."
Ted Poe,Republican,rep,106631626049851,2017-03-03,link,17,27,10,"Read the rest of this week's terrorism update by clicking on the link below:   Â·Five children and two women are receiving treatment for exposure to chemical agents near the Iraqi city of Mosul, where ISIS is fighting off an offensive by U.S.-backed Iraqi forces, the International Committee of the Red Cross said on Friday. The ICRC ""condemns in the strongest possible terms the use of chemical weapons during fighting around the Iraqi city of Mosul"", it said in a statement.  Â·Rival Kurdish groups clashed in Iraq's northwestern Sinjar region on Friday, two Kurdish security sources said. The deadly fighting erupted when Peshmerga Rojava forces moved towards the border with Syria, encroaching on territory controlled by a local affiliate of the Kurdistan Workers' Party (PKK). The unrest highlights the risk of conflict and turf war between the multiple forces arrayed against ISIS, many of which lean on regional patrons for political support and arms.  Â·The Russian Defense Ministry said on Friday that Russian military advisers had planned and overseen the Syrian army's recapture of the city of Palmyra and that Russian warplanes and special forces had played a decisive role. The Syrian army said on Thursday it had retaken the ancient city from ISIS for the second time in a year, with help from allied forces.  Â·Bangladeshi police have arrested the head of an Islamist terrorist group accused of inspiring followers to kill foreigners, the chief of the counter-terrorism unit said on Friday. Shaikh Mohammad Abul Kashem, who founded an offshoot of the larger Jamaat-ul-Mujahideen Bangladesh (JMB) group, was picked up on Thursday night in the Senpara Parbata area of the capital, Dhaka. Kashem worked alongside Canadian citizen Tamim Chowdhury and Nurul Islam Marjan, two men police accused of masterminding an attack on an upscale Dhaka cafe in July in which 22 people were killed, most of them foreigners.  Â·Residents in Yemen said U.S. soldiers fought two separate gun battles with al Qaeda overnight on Friday, supported by heavy aerial bombardment. If confirmed, it would be the first time Washington has deployed ground troops in the country since a Navy Seal was killed in a similar operation on January 29.  Just a day earlier, the United States said it carried out more than 20 precision strikes in Yemen targeting al Qaeda in the Arabian Peninsula on Thursday, in the first major operations against the group since a January raid by U.S. commandos. The Pentagon said the strikes targeted al Qaeda fighters, heavy weapons systems, equipment, infrastructure and the group's fighting positions. They were carried out in the Yemeni governorates of Abyan, Al Bayda and Shabwah.  Â·Mali's main jihadist groups said on Thursday they will merge under Islamist leader Iyad Ag-Ghali whose fighters have claimed multiple attacks on Malian, French and U.N. peacekeeping forces, Mauritania's Nouakchott News Agency (ANI) reported. ANI said Ag-Ghali's Ansar Dine would join with al-Mourabitoun, led by Algerian jihadist and smuggler Mokhtar Belmokhtar, which claimed responsibility for a suicide bomb attack on a military camp in northern Mali that killed up to 60 people and wounded more than 100 in January.  Â·Brussels police detained a man with suspected terrorist links who was found to be carrying two gas cylinders in his car after he was pulled over on Thursday for running a red light, officials said. After checks were conducted on the vehicle, prosecutors said that one of the cylinders was empty, and no explosive or mechanism of detonation was found in the car.  Â·Kenya said its forces had killed 57 Islamist al Shabaab terrorists in a battle in southern Somalia on Wednesday, but the group denied any of its fighters had died in the clash. Kenyan troops under the African Union command used artillery and helicopter gunships against the Islamists in Afmadow, a town about 60 miles inland from the port of Kismayu, Kenyan military spokesman Col. Joseph Owuoth said in a statement.  Â·On Wednesday the Taliban rejected US General John Nicholsonâs call for reconciliation after a press release announcing the death of Mullah Abdul Salam, the Talibanâs shadow emir for Kunduz province. US, European, and Afghan officials had been urging the Taliban to reconcile for well over a decade. But the Taliban had proven unwilling to negotiate a peace deal and join the government, even after suffering setbacks. In his response the Taliban spokesman, Zabihulllah Mujahid, said that the Taliban would fight until NATO forces withdraw from Afghanistan and âaccept the lawful demands of the valiant Afghan,â which means the return of a Taliban government."
Ted Poe,Republican,rep,106631626049851,2017-03-07,photo,42,7,2,"This morning I proudly stood with one of our neighbors, James Moriarty in honoring his son Jimmy Moriarty (U.S. Army, Green Beret). On November 4, 2016, a team of Green Berets were ambushed by a Jordanian guard upon returning to their base in Jafar, Jordan. More questions than answers remain about the attack and circumstances surrounding their death. I stand with the Moriarity family in their mission to ensure that Jordan tells the truth and delivers justice to the killer.   http://www.washingtonexaminer.com/fathers-of-3-green-berets-killed-in-jordan-demand-answers-from-white-house/article/2616679"
Ted Poe,Republican,rep,106631626049851,2017-03-08,link,89,315,34,"I have read the American Health Care Act and will continue to evaluate the legislation as it moves through the committee process: it will be voted on by the Ways and Means and Energy and Commerce Committees. I hope that during this process, certain provisions will be added to a final healthcare package, like allowing people to buy insurance across state lines for example. However, I am pleased that this bill follows through on the promise to repeal and replace Obamacareâbecause Obamacare is a failure and not sustainable. This bill provides a clear path for a smooth transition back to a patient centered system, ensuring that the rug is not pulled out from under anyone. It  protects patients with pre-existing conditions and ensures that young Americans can remain on their parents plans. Most importantly, it provides more affordable choices for the American people and returns control over their healthcare back to them.  ***As the bill moves through the committee process, I would like to hear what YOU think before I take a vote on the House floor. I need this information to better represent you.   You can read the bill HERE: https://housegop.leadpages.co/healthcare/  Please comment right below this post with your thoughts.**"
Ted Poe,Republican,rep,106631626049851,2017-03-10,link,38,34,10,"Read the rest of this week's terrorism update by clicking on the link below:   Â·Al Shabaab said its fighters have assaulted an airport in the southern town of Bardere, located in Gedo region on Thursday morning, killing a number of African Union Mission in Somalia soldiers. The Al Qaeda-linked terrorist group has announced on its affiliated online media outlets that it killed several soldiers from Ethiopian forces stationed at the city's airport. Local residents said there has been a heavy exchange of gunfire between the attackers and Ethiopian troops serving under AMISOM. AMISOM, however did not comment on the airport, which is housing hundreds of Ethiopian troops.  Â·The Shin Bet (Israel Security Agency) announced on Thursday the arrest of a suspected Palestinian Hezbollah operative who was allegedly instructed to carry out terror attacks against Israelis as well as kidnap Israeli civilians. The suspect, Yusef Yasser Suylam, a 23-year-old based in the Palestinian West Bank town of Qalqiliya, was recently arrested in a joint Shin Bet, Israel Police and IDF operation. Following his arrest, the Shin Bet interrogated Suylam and discovered that Hezbollah had recruited him through social media, luring the young man to join their ranks through a Facebook profile the Shi'ite terror organization regularly uses to track potential recruits.  Â·A new U.S. strategy to break a stalemate in Afghanistan will require additional American troops, the head of the U.S. Central Command said on Thursday."" I do believe it will involve additional forces to ensure that we can make the advise and assist mission more effective,"" Army General Joseph Votel said during a Senate Armed Services Committee hearing. Vogel also said as many as 12 civilians died in a raid against al Qaeda in Yemen in late January, the head of the U.S. military's Central Command said on Thursday.  Â·U.S. Secretary of State Rex Tillerson will host a 68-nation meeting in Washington this month to discuss the next moves by a coalition fighting ISIS, the State Department said on Thursday. The March 22-23 meeting of coalition foreign ministers aimed ""to accelerate international efforts to defeat ISIS in the remaining areas it holds in Iraq and Syria and maximize pressure on its branches, affiliates, and networks,"" the State Department said in a statement.  Â·Iraqi forces aim to dislodge ISIS fighters from west Mosul within a month, despite grueling urban combat in densely populated terrain, the head of the elite Counter Terrorism Service said on Thursday. As Iraqi forces advance deeper into west Mosul, they are facing increasingly stiff resistance from ISIS using suicide car bombs and snipers to defend their last major stronghold in Iraq.  Â·Human rights lawyer Amal Clooney urged Iraq and the worldâs nations on Thursday not to let ISIS âget away with genocide.â Clooney, who represents victims of ISIS rapes and kidnappings, told a U.N. meeting that whatâs âshockingâ is not just the groupâs brutality but the âpassiveâ response by the worldâs nations to the campaign to investigate its crimes and bring the perpetrators to justice. She urged Iraqi Prime Minister Haider al-Abadi to send a letter to the U.N. Security Council so it can vote to set up an investigation into crimes by the group in Iraq where ISIS once controlled about 40 percent of the countryâs territory.  Â·Yemen's local al Qaeda wing appealed for help on Thursday to fend off an offensive by the armed Houthi movement in central Yemen, and accused the United States of coordinating attacks with the Iran-aligned group, according to an online statement. Residents say tribesmen in Ansar al-Sharia, the local wing of Al Qaeda in the Arabian Peninsula (AQAP), and other Islamists known as salafists are the main force holding back the Houthis in Qifa in al-Bayda province, where President Abd-Rabbu Mansour Hadi's internationally-recognized government has little control. Ansar al-Sharia referred in the statement on its Telegram channel to repeated air strikes by the United States in recent days. Washington has acknowledged it has stepped up operations against militants in Yemen in the past couple of weeks."
Ted Poe,Republican,rep,106631626049851,2017-03-15,video,213,27,63,"Today, the entire city of Houston will pay tribute to the life of one of Houstonâs heroes, one of our finest, Capt. William Dowling ""Iron Bill"". As we mourn the loss of a great man, the community of Tomball, the greater Houston area and Texas' Second District sends our thoughts and prayers."
Ted Poe,Republican,rep,106631626049851,2017-03-17,link,31,142,6,"Read the rest of this week's terrorism update by clicking on the link below:  Friday (3.17.17)  Â· A suicide car bomb detonated near an army base in the eastern Afghan province of Khost on Friday, killing one soldier and wounding several before the army repelled at attack on the base by four gunmen, the district chief said. The blast, 50 yards from the base, was heard several miles away and damaged several shops, homes and a school. In a statement, the Taliban claimed responsibility for the attack and said it had caused heavy casualties however; the terrorist group often exaggerates casualties caused by its operations.  Â· Iraqi forces battling ISIS in Mosul advanced into the Old City and around the al Nuri mosque on Friday trying to seal off a main road to prevent terrorists sending in suicide bombers. Troops are meeting fierce resistance as terrorists retreat into the Old City, where street fighting is expected in the narrow alleyways and around the mosque where ISIS declared its caliphate nearly three years ago.  Â· The Israeli military said it shot down one of numerous anti-aircraft missiles launched on Friday at its air force which was operating in Syria, in a rare such incident that spilled over into neighboring countries. The Syrian army said it had shot down an Israeli jet during the operation. Israel denied this, saying that all its aircraft had returned unscathed.  Â· A Saudi Arabia-born man was convicted on Thursday of participating in a 2003 attack in Afghanistan that killed two U.S. servicemen and plotting to bomb a U.S. embassy in West Africa, federal prosecutors in Brooklyn said. A jury found Ibrahim Suleiman Adnan Adam Harun, known by the nom de guerre Spin Ghul, guilty of all counts after only two hours of deliberations. The al Qaeda operative faces life in prison at his sentencing.  Â· A female employee of the International Monetary Fund suffered injuries to her face and arms on Thursday when a letter bomb mailed from Greece and addressed to the world lender's European representative blew up as she opened it, officials said. Paris anti-terrorism prosecutors opened an investigation and although a terrorist Greek group, Conspiracy of Fire Cells, claimed responsibility for a parcel bomb mailed to Germanyâs Finance Minister on Wednesday, but there was no immediate claim for the Paris attack.  Â· The Somali terrorist group, al Shabaab, is letting civilians in drought-hit regions under their control move with relative freedom to find food, the group and a U.N. official said on Thursday, but they are continuing to restrict the access of international aid groups. Somalia, struggling to recover from more than 25 years of civil war and an ongoing battle between its U.N.-backed government and Islamist insurgents, could sink into famine if the April rains fail.  Â· Warplanes struck a mosque in the rebel-held village of al-Jina, in northwest Syria, killing at least 42 people and wounding dozens, the Syrian Observatory for Human Rights, a Britain-based war monitor, said on Thursday.  Â· An air strike carried out by U.S. forces on Thursday in Idlib, Syria, killed several al Qaeda militants, U.S. Central Command said in a statement. ""Idlib has been a significant safe haven for al Qaeda in recent years,"" the statement said, making no mention of civilian casualties.  Â· U.S. Defense Secretary James Mattis met with Saudi Deputy Crown Prince Mohammed bin Salman on Thursday and they discussed U.S.-Saudi military cooperation in the fight against ISIS, the Pentagon said in a statement. Mattis and Prince Mohammed, who is the kingdom's defense minister, also discussed ""confronting Iran's destabilizing regional activities."""
Ted Poe,Republican,rep,106631626049851,2017-03-29,photo,70,39,1,"I enjoyed meeting with constituents from across TX-2 in my Texas office on Monday. We discussed a wide array of issues from immigration and health care to global water needs and nutrition, the Presidentâs proposed budget, and EPA regulations. Here are a few pictures from Monday."
Ted Poe,Republican,rep,106631626049851,2017-03-31,link,23,18,17,"Read the rest of this week's terrorism update by clicking on the link below: Friday (3.31.17)  A bomb apparently targeting a mosque in Pakistan's northwestern city of Parachinar killed at least 22 people on Friday and wounded dozens in an attack claimed by the Pakistani Taliban. The explosion in a remote area bordering Afghanistan came as people gathered for Friday prayers near the women's entrance of a Shia mosque in the central bazaar, the latest in a series of attacks across Sunni-majority Pakistan this year.  Three suspected al Qaeda members were killed overnight in what local officials believed was a U.S. drone strike in southern Yemen. Residents and local officials said on Friday the attack took place in Mozno in al-Wadie district of Abyan province. The three killed included the local leader of the terrorist group, Waddah Muhammed Amsouda, who was meeting the others in a house in the area. Abyan is one of several provinces in central and southern Yemen where Al Qaeda in the Arabian Peninsula (AQAP) and its local affiliate Ansar al-Sharia operate.  Kenya has arrested a suspected ISIS terrorist on the country's ""most wanted"" list who allegedly helped send recruits to Libya and Somalia, police said on Thursday. Police seized Ali Hussein Ali, who is nicknamed ""Trusted One"", and two accomplices in the coastal town of Malindi on Monday. In a statement, the police said Ali had helped smuggle recruits to ISIS in Libya where he has ties with a human trafficking ring, and to the al Shabaab terrorist group in Somalia. He also moved money around East Africa and beyond for ISIS, police said.  Anjem Choudary, a high-profile British Islamist preacher who was sentenced to prison last year for inviting support for ISIS terrorism, was added to the U.S. global counter-terrorism list, the U.S. Treasury said on Thursday. Choudary was one of seven people added to the list, which blocks their assets in the United States and prohibits U.S. citizens from dealing with them.  A former violent criminal who converted to Islam and kept out of trouble for more than a decade, the killer who struck Britain's parliament last week was probably a ""lone wolf"", self-radicalized by material on the internet, investigators say. Police say Khalid Masood, who tried to put his troubled past behind him by turning to religion, had copied the low cost, low tech attacks espoused by ISIS, but investigators have found nothing yet to link him to extremist groups at home or terrorists abroad.  German prosecutors have charged an Afghan citizen with being a member of the Taliban and an accessory to attempted murder by taking part in armed attacks by insurgents against policemen in Afghanistan. The Federal Prosecutor's Office (GBA) said in a statement on Thursday that 21-year-old Hekmat T. received military training by the Taliban after he joined the militant group in mid-2013 and took part in four attacks against policemen.  Germany has deported 10 potential attackers since January as part of a tougher approach toward failed asylum seekers and other foreigners it deems dangerous after one of them killed 12 people at a Berlin market, security sources said on Thursday. Interior Minister Thomas de Maiziere and other top officials have been pushing for quicker deportations of those denied asylum, while working with Morocco, Tunisia and other countries to speed up the repatriation process.  ISIS claimed responsibility on Thursday for two suicide attacks that killed at least 31 people in Damascus on March 15. The group made the claim in its weekly online newspaper al-Nabaa. The newspaper said the two suicide bombers, identified by the group as Abu Musa al Golani and Abu Firas al Shami, had killed and injured over one hundred people in two separate attacks. The first attack was on a courthouse in central Damascus near the Old City and the second struck a popular restaurant in the al-Rabweh area of the capital. As many as eight militants have blown themselves up with a grenade north of the Bangladeshi capital rather than surrender to officers who had cornered them in their hideout, police said on Thursday. Police urged the militants in Nasirpur, northeast of the capital Dhaka, to give themselves up on Wednesday, but instead they detonated the grenade."
Ted Poe,Republican,rep,106631626049851,2017-03-31,link,54,29,34,"Many of you have questions about S.J. Res 34, which disapproved an Obama Administration rule that gave the FCC jurisdiction over certain privacy rules for internet service providers (ISPâs). Before then, the FTC, a different government agency, had jurisdiction over privacy rules for the internet and ISPâs. By disapproving this rule, the FTC retains all jurisdiction of privacy rules for the internet and ISPâs, instead of 2 different agencies having 2 different sets of rules. Click here to read more:"
